ID,Name,Type1,Type2,fileid,Total,HP,Attack,Defense,Sp. Atk,Sp. Def,Speed,Generation,Legendary
1,Bulbasaur,Grass,Poison,1.png,318,45,49,49,65,65,45,1,False
2,Ivysaur,Grass,Poison,2.png,405,60,62,63,80,80,60,1,False
3,Venusaur,Grass,Poison,3.png,525,80,82,83,100,100,80,1,False
3,VenusaurMega Venusaur,Grass,Poison,3-mega.png,625,80,100,123,122,120,80,1,False
4,Charmander,Fire,,4.png,309,39,52,43,60,50,65,1,False
5,Charmeleon,Fire,,5.png,405,58,64,58,80,65,80,1,False
6,Charizard,Fire,Flying,6.png,534,78,84,78,109,85,100,1,False
6,CharizardMega Charizard X,Fire,Dragon,6-mega-x.png,634,78,130,111,130,85,100,1,False
6,CharizardMega Charizard Y,Fire,Flying,6-mega-y.png,634,78,104,78,159,115,100,1,False
7,Squirtle,Water,,7.png,314,44,48,65,50,64,43,1,False
8,Wartortle,Water,,8.png,405,59,63,80,65,80,58,1,False
9,Blastoise,Water,,9.png,530,79,83,100,85,105,78,1,False
9,BlastoiseMega Blastoise,Water,,9-mega.png,630,79,103,120,135,115,78,1,False
10,Caterpie,Bug,,10.png,195,45,30,35,20,20,45,1,False
11,Metapod,Bug,,11.png,205,50,20,55,25,25,30,1,False
12,Butterfree,Bug,Flying,12.png,395,60,45,50,90,80,70,1,False
13,Weedle,Bug,Poison,13.png,195,40,35,30,20,20,50,1,False
14,Kakuna,Bug,Poison,14.png,205,45,25,50,25,25,35,1,False
15,Beedrill,Bug,Poison,15.png,395,65,90,40,45,80,75,1,False
15,BeedrillMega Beedrill,Bug,Poison,15-mega.png,495,65,150,40,15,80,145,1,False
16,Pidgey,Normal,Flying,16.png,251,40,45,40,35,35,56,1,False
17,Pidgeotto,Normal,Flying,17.png,349,63,60,55,50,50,71,1,False
18,Pidgeot,Normal,Flying,18-png,479,83,80,75,70,70,101,1,False
18,PidgeotMega Pidgeot,Normal,Flying,18-mega.png,579,83,80,80,135,80,121,1,False
19,Rattata,Normal,,19.png,253,30,56,35,25,35,72,1,False
20,Raticate,Normal,,20.png,413,55,81,60,50,70,97,1,False
21,Spearow,Normal,Flying,21.png,262,40,60,30,31,31,70,1,False
22,Fearow,Normal,Flying,22.png,442,65,90,65,61,61,100,1,False
23,Ekans,Poison,,23.png,288,35,60,44,40,54,55,1,False
24,Arbok,Poison,,24.png,438,60,85,69,65,79,80,1,False
25,Pikachu,Electric,,25.png,320,35,55,40,50,50,90,1,False
26,Raichu,Electric,,26.png,485,60,90,55,90,80,110,1,False
27,Sandshrew,Ground,,27.png,300,50,75,85,20,30,40,1,False
28,Sandslash,Ground,,28.png,450,75,100,110,45,55,65,1,False
29,Nidoran♀,Poison,,29.png,275,55,47,52,40,40,41,1,False
30,Nidorina,Poison,,30.png,365,70,62,67,55,55,56,1,False
31,Nidoqueen,Poison,Ground,31.png,505,90,92,87,75,85,76,1,False
32,Nidoran♂,Poison,,32.png,273,46,57,40,40,40,50,1,False
33,Nidorino,Poison,,33.png,365,61,72,57,55,55,65,1,False
34,Nidoking,Poison,Ground,34.png,505,81,102,77,85,75,85,1,False
35,Clefairy,Fairy,,35.png,323,70,45,48,60,65,35,1,False
36,Clefable,Fairy,,36.png,483,95,70,73,95,90,60,1,False
37,Vulpix,Fire,,37.png,299,38,41,40,50,65,65,1,False
38,Ninetales,Fire,,38.png,505,73,76,75,81,100,100,1,False
39,Jigglypuff,Normal,Fairy,39.png,270,115,45,20,45,25,20,1,False
40,Wigglytuff,Normal,Fairy,40.png,435,140,70,45,85,50,45,1,False
41,Zubat,Poison,Flying,41.png,245,40,45,35,30,40,55,1,False
42,Golbat,Poison,Flying,42.png,455,75,80,70,65,75,90,1,False
43,Oddish,Grass,Poison,43.png,320,45,50,55,75,65,30,1,False
44,Gloom,Grass,Poison,44.png,395,60,65,70,85,75,40,1,False
45,Vileplume,Grass,Poison,45.png,490,75,80,85,110,90,50,1,False
46,Paras,Bug,Grass,46.png,285,35,70,55,45,55,25,1,False
47,Parasect,Bug,Grass,47.png,405,60,95,80,60,80,30,1,False
48,Venonat,Bug,Poison,48.png,305,60,55,50,40,55,45,1,False
49,Venomoth,Bug,Poison,49.png,450,70,65,60,90,75,90,1,False
50,Diglett,Ground,,50.png,265,10,55,25,35,45,95,1,False
51,Dugtrio,Ground,,51.png,405,35,80,50,50,70,120,1,False
52,Meowth,Normal,,52.png,290,40,45,35,40,40,90,1,False
53,Persian,Normal,,53.png,440,65,70,60,65,65,115,1,False
54,Psyduck,Water,,54.png,320,50,52,48,65,50,55,1,False
55,Golduck,Water,,55.png,500,80,82,78,95,80,85,1,False
56,Mankey,Fighting,,56.png,305,40,80,35,35,45,70,1,False
57,Primeape,Fighting,,57.png,455,65,105,60,60,70,95,1,False
58,Growlithe,Fire,,58.png,350,55,70,45,70,50,60,1,False
59,Arcanine,Fire,,59.png,555,90,110,80,100,80,95,1,False
60,Poliwag,Water,,60.png,300,40,50,40,40,40,90,1,False
61,Poliwhirl,Water,,61.png,385,65,65,65,50,50,90,1,False
62,Poliwrath,Water,Fighting,62.png,510,90,95,95,70,90,70,1,False
63,Abra,Psychic,,63.png,310,25,20,15,105,55,90,1,False
64,Kadabra,Psychic,,64.png,400,40,35,30,120,70,105,1,False
65,Alakazam,Psychic,,65.png,500,55,50,45,135,95,120,1,False
65,AlakazamMega Alakazam,Psychic,,65-mega.png,590,55,50,65,175,95,150,1,False
66,Machop,Fighting,,66.png,305,70,80,50,35,35,35,1,False
67,Machoke,Fighting,,67.png,405,80,100,70,50,60,45,1,False
68,Machamp,Fighting,,68.png,505,90,130,80,65,85,55,1,False
69,Bellsprout,Grass,Poison,69.png,300,50,75,35,70,30,40,1,False
70,Weepinbell,Grass,Poison,70.png,390,65,90,50,85,45,55,1,False
71,Victreebel,Grass,Poison,71.png,490,80,105,65,100,70,70,1,False
72,Tentacool,Water,Poison,72.png,335,40,40,35,50,100,70,1,False
73,Tentacruel,Water,Poison,73.png,515,80,70,65,80,120,100,1,False
74,Geodude,Rock,Ground,74.png,300,40,80,100,30,30,20,1,False
75,Graveler,Rock,Ground,75.png,390,55,95,115,45,45,35,1,False
76,Golem,Rock,Ground,76.png,495,80,120,130,55,65,45,1,False
77,Ponyta,Fire,,77.png,410,50,85,55,65,65,90,1,False
78,Rapidash,Fire,,78.png,500,65,100,70,80,80,105,1,False
79,Slowpoke,Water,Psychic,79.png,315,90,65,65,40,40,15,1,False
80,Slowbro,Water,Psychic,80.png,490,95,75,110,100,80,30,1,False
80,SlowbroMega Slowbro,Water,Psychic,80-mega.png,590,95,75,180,130,80,30,1,False
81,Magnemite,Electric,Steel,81.png,325,25,35,70,95,55,45,1,False
82,Magneton,Electric,Steel,82.png,465,50,60,95,120,70,70,1,False
83,Farfetch'd,Normal,Flying,83.png,352,52,65,55,58,62,60,1,False
84,Doduo,Normal,Flying,84.png,310,35,85,45,35,35,75,1,False
85,Dodrio,Normal,Flying,85.png,460,60,110,70,60,60,100,1,False
86,Seel,Water,,86.png,325,65,45,55,45,70,45,1,False
87,Dewgong,Water,Ice,87.png,475,90,70,80,70,95,70,1,False
88,Grimer,Poison,,88.png,325,80,80,50,40,50,25,1,False
89,Muk,Poison,,89.png,500,105,105,75,65,100,50,1,False
90,Shellder,Water,,90.png,305,30,65,100,45,25,40,1,False
91,Cloyster,Water,Ice,91.png,525,50,95,180,85,45,70,1,False
92,Gastly,Ghost,Poison,92.png,310,30,35,30,100,35,80,1,False
93,Haunter,Ghost,Poison,93.png,405,45,50,45,115,55,95,1,False
94,Gengar,Ghost,Poison,94.png,500,60,65,60,130,75,110,1,False
94,GengarMega Gengar,Ghost,Poison,94-mega.png,600,60,65,80,170,95,130,1,False
95,Onix,Rock,Ground,95.png,385,35,45,160,30,45,70,1,False
96,Drowzee,Psychic,,96.png,328,60,48,45,43,90,42,1,False
97,Hypno,Psychic,,97.png,483,85,73,70,73,115,67,1,False
98,Krabby,Water,,98.png,325,30,105,90,25,25,50,1,False
99,Kingler,Water,,99.png,475,55,130,115,50,50,75,1,False
100,Voltorb,Electric,,100.png,330,40,30,50,55,55,100,1,False
101,Electrode,Electric,,101.png,480,60,50,70,80,80,140,1,False
102,Exeggcute,Grass,Psychic,102.png,325,60,40,80,60,45,40,1,False
103,Exeggutor,Grass,Psychic,103.png,520,95,95,85,125,65,55,1,False
104,Cubone,Ground,,104.png,320,50,50,95,40,50,35,1,False
105,Marowak,Ground,,105.png,425,60,80,110,50,80,45,1,False
106,Hitmonlee,Fighting,,106.png,455,50,120,53,35,110,87,1,False
107,Hitmonchan,Fighting,,107.png,455,50,105,79,35,110,76,1,False
108,Lickitung,Normal,,108.png,385,90,55,75,60,75,30,1,False
109,Koffing,Poison,,109.png,340,40,65,95,60,45,35,1,False
110,Weezing,Poison,,110.png,490,65,90,120,85,70,60,1,False
111,Rhyhorn,Ground,Rock,111.png,345,80,85,95,30,30,25,1,False
112,Rhydon,Ground,Rock,112.png,485,105,130,120,45,45,40,1,False
113,Chansey,Normal,,113.png,450,250,5,5,35,105,50,1,False
114,Tangela,Grass,,114.png,435,65,55,115,100,40,60,1,False
115,Kangaskhan,Normal,,115.png,490,105,95,80,40,80,90,1,False
115,KangaskhanMega Kangaskhan,Normal,,115-mega.png,590,105,125,100,60,100,100,1,False
116,Horsea,Water,,116.png,295,30,40,70,70,25,60,1,False
117,Seadra,Water,,117.png,440,55,65,95,95,45,85,1,False
118,Goldeen,Water,,118.png,320,45,67,60,35,50,63,1,False
119,Seaking,Water,,119.png,450,80,92,65,65,80,68,1,False
120,Staryu,Water,,120.png,340,30,45,55,70,55,85,1,False
121,Starmie,Water,Psychic,121.png,520,60,75,85,100,85,115,1,False
122,Mr. Mime,Psychic,Fairy,122.png,460,40,45,65,100,120,90,1,False
123,Scyther,Bug,Flying,123.png,500,70,110,80,55,80,105,1,False
124,Jynx,Ice,Psychic,124.png,455,65,50,35,115,95,95,1,False
125,Electabuzz,Electric,,125.png,490,65,83,57,95,85,105,1,False
126,Magmar,Fire,,126.png,495,65,95,57,100,85,93,1,False
127,Pinsir,Bug,,127.png,500,65,125,100,55,70,85,1,False
127,PinsirMega Pinsir,Bug,Flying,127-mega.png,600,65,155,120,65,90,105,1,False
128,Tauros,Normal,,128.png,490,75,100,95,40,70,110,1,False
129,Magikarp,Water,,129.png,200,20,10,55,15,20,80,1,False
130,Gyarados,Water,Flying,130.png,540,95,125,79,60,100,81,1,False
130,GyaradosMega Gyarados,Water,Dark,130-mega.png,640,95,155,109,70,130,81,1,False
131,Lapras,Water,Ice,131.png,535,130,85,80,85,95,60,1,False
132,Ditto,Normal,,132.png,288,48,48,48,48,48,48,1,False
133,Eevee,Normal,,133.png,325,55,55,50,45,65,55,1,False
134,Vaporeon,Water,,134.png,525,130,65,60,110,95,65,1,False
135,Jolteon,Electric,,135.png,525,65,65,60,110,95,130,1,False
136,Flareon,Fire,,136.png,525,65,130,60,95,110,65,1,False
137,Porygon,Normal,,137.png,395,65,60,70,85,75,40,1,False
138,Omanyte,Rock,Water,138.png,355,35,40,100,90,55,35,1,False
139,Omastar,Rock,Water,139.png,495,70,60,125,115,70,55,1,False
140,Kabuto,Rock,Water,140.png,355,30,80,90,55,45,55,1,False
141,Kabutops,Rock,Water,141.png,495,60,115,105,65,70,80,1,False
142,Aerodactyl,Rock,Flying,142.png,515,80,105,65,60,75,130,1,False
142,AerodactylMega Aerodactyl,Rock,Flying,142-mega.png,615,80,135,85,70,95,150,1,False
143,Snorlax,Normal,,143.png,540,160,110,65,65,110,30,1,False
144,Articuno,Ice,Flying,144.png,580,90,85,100,95,125,85,1,True
145,Zapdos,Electric,Flying,145.png,580,90,90,85,125,90,100,1,True
146,Moltres,Fire,Flying,146.png,580,90,100,90,125,85,90,1,True
147,Dratini,Dragon,,147.png,300,41,64,45,50,50,50,1,False
148,Dragonair,Dragon,,148.png,420,61,84,65,70,70,70,1,False
149,Dragonite,Dragon,Flying,149.png,600,91,134,95,100,100,80,1,False
150,Mewtwo,Psychic,,150.png,680,106,110,90,154,90,130,1,True
150,MewtwoMega Mewtwo X,Psychic,Fighting,150-mega-x.png,780,106,190,100,154,100,130,1,True
150,MewtwoMega Mewtwo Y,Psychic,,150-mega-y.png,780,106,150,70,194,120,140,1,True
151,Mew,Psychic,,151.png,600,100,100,100,100,100,100,1,False
152,Chikorita,Grass,,152.png,318,45,49,65,49,65,45,2,False
153,Bayleef,Grass,,153.png,405,60,62,80,63,80,60,2,False
154,Meganium,Grass,,154.png,525,80,82,100,83,100,80,2,False
155,Cyndaquil,Fire,,155.png,309,39,52,43,60,50,65,2,False
156,Quilava,Fire,,156.png,405,58,64,58,80,65,80,2,False
157,Typhlosion,Fire,,157.png,534,78,84,78,109,85,100,2,False
158,Totodile,Water,,158.png,314,50,65,64,44,48,43,2,False
159,Croconaw,Water,,159.png,405,65,80,80,59,63,58,2,False
160,Feraligatr,Water,,160.png,530,85,105,100,79,83,78,2,False
161,Sentret,Normal,,161.png,215,35,46,34,35,45,20,2,False
162,Furret,Normal,,162.png,415,85,76,64,45,55,90,2,False
163,Hoothoot,Normal,Flying,163.png,262,60,30,30,36,56,50,2,False
164,Noctowl,Normal,Flying,164.png,442,100,50,50,76,96,70,2,False
165,Ledyba,Bug,Flying,165.png,265,40,20,30,40,80,55,2,False
166,Ledian,Bug,Flying,166.png,390,55,35,50,55,110,85,2,False
167,Spinarak,Bug,Poison,167.png,250,40,60,40,40,40,30,2,False
168,Ariados,Bug,Poison,168.png,390,70,90,70,60,60,40,2,False
169,Crobat,Poison,Flying,169.png,535,85,90,80,70,80,130,2,False
170,Chinchou,Water,Electric,170.png,330,75,38,38,56,56,67,2,False
171,Lanturn,Water,Electric,171.png,460,125,58,58,76,76,67,2,False
172,Pichu,Electric,,172.png,205,20,40,15,35,35,60,2,False
173,Cleffa,Fairy,,173.png,218,50,25,28,45,55,15,2,False
174,Igglybuff,Normal,Fairy,174.png,210,90,30,15,40,20,15,2,False
175,Togepi,Fairy,,175.png,245,35,20,65,40,65,20,2,False
176,Togetic,Fairy,Flying,176.png,405,55,40,85,80,105,40,2,False
177,Natu,Psychic,Flying,177.png,320,40,50,45,70,45,70,2,False
178,Xatu,Psychic,Flying,178.png,470,65,75,70,95,70,95,2,False
179,Mareep,Electric,,179.png,280,55,40,40,65,45,35,2,False
180,Flaaffy,Electric,,180.png,365,70,55,55,80,60,45,2,False
181,Ampharos,Electric,,181.png,510,90,75,85,115,90,55,2,False
181,AmpharosMega Ampharos,Electric,Dragon,181-mega.png,610,90,95,105,165,110,45,2,False
182,Bellossom,Grass,,182.png,490,75,80,95,90,100,50,2,False
183,Marill,Water,Fairy,183.png,250,70,20,50,20,50,40,2,False
184,Azumarill,Water,Fairy,184.png,420,100,50,80,60,80,50,2,False
185,Sudowoodo,Rock,,185.png,410,70,100,115,30,65,30,2,False
186,Politoed,Water,,186.png,500,90,75,75,90,100,70,2,False
187,Hoppip,Grass,Flying,187.png,250,35,35,40,35,55,50,2,False
188,Skiploom,Grass,Flying,188.png,340,55,45,50,45,65,80,2,False
189,Jumpluff,Grass,Flying,189.png,460,75,55,70,55,95,110,2,False
190,Aipom,Normal,,190.png,360,55,70,55,40,55,85,2,False
191,Sunkern,Grass,,191.png,180,30,30,30,30,30,30,2,False
192,Sunflora,Grass,,192.png,425,75,75,55,105,85,30,2,False
193,Yanma,Bug,Flying,193.png,390,65,65,45,75,45,95,2,False
194,Wooper,Water,Ground,194.png,210,55,45,45,25,25,15,2,False
195,Quagsire,Water,Ground,195.png,430,95,85,85,65,65,35,2,False
196,Espeon,Psychic,,196.png,525,65,65,60,130,95,110,2,False
197,Umbreon,Dark,,197.png,525,95,65,110,60,130,65,2,False
198,Murkrow,Dark,Flying,198.png,405,60,85,42,85,42,91,2,False
199,Slowking,Water,Psychic,199.png,490,95,75,80,100,110,30,2,False
200,Misdreavus,Ghost,,200.png,435,60,60,60,85,85,85,2,False
201,Unown,Psychic,,201.png,336,48,72,48,72,48,48,2,False
202,Wobbuffet,Psychic,,202.png,405,190,33,58,33,58,33,2,False
203,Girafarig,Normal,Psychic,203.png,455,70,80,65,90,65,85,2,False
204,Pineco,Bug,,204.png,290,50,65,90,35,35,15,2,False
205,Forretress,Bug,Steel,205.png,465,75,90,140,60,60,40,2,False
206,Dunsparce,Normal,,206.png,415,100,70,70,65,65,45,2,False
207,Gligar,Ground,Flying,207.png,430,65,75,105,35,65,85,2,False
208,Steelix,Steel,Ground,208.png,510,75,85,200,55,65,30,2,False
208,SteelixMega Steelix,Steel,Ground,208-mega.png,610,75,125,230,55,95,30,2,False
209,Snubbull,Fairy,,209.png,300,60,80,50,40,40,30,2,False
210,Granbull,Fairy,,210.png,450,90,120,75,60,60,45,2,False
211,Qwilfish,Water,Poison,211.png,430,65,95,75,55,55,85,2,False
212,Scizor,Bug,Steel,212.png,500,70,130,100,55,80,65,2,False
212,ScizorMega Scizor,Bug,Steel,212-mega.png,600,70,150,140,65,100,75,2,False
213,Shuckle,Bug,Rock,213.png,505,20,10,230,10,230,5,2,False
214,Heracross,Bug,Fighting,214.png,500,80,125,75,40,95,85,2,False
214,HeracrossMega Heracross,Bug,Fighting,214-mega.png,600,80,185,115,40,105,75,2,False
215,Sneasel,Dark,Ice,215.png,430,55,95,55,35,75,115,2,False
216,Teddiursa,Normal,,216.png,330,60,80,50,50,50,40,2,False
217,Ursaring,Normal,,217.png,500,90,130,75,75,75,55,2,False
218,Slugma,Fire,,218.png,250,40,40,40,70,40,20,2,False
219,Magcargo,Fire,Rock,219.png,410,50,50,120,80,80,30,2,False
220,Swinub,Ice,Ground,220.png,250,50,50,40,30,30,50,2,False
221,Piloswine,Ice,Ground,221.png,450,100,100,80,60,60,50,2,False
222,Corsola,Water,Rock,222.png,380,55,55,85,65,85,35,2,False
223,Remoraid,Water,,223.png,300,35,65,35,65,35,65,2,False
224,Octillery,Water,,224.png,480,75,105,75,105,75,45,2,False
225,Delibird,Ice,Flying,225.png,330,45,55,45,65,45,75,2,False
226,Mantine,Water,Flying,226.png,465,65,40,70,80,140,70,2,False
227,Skarmory,Steel,Flying,227.png,465,65,80,140,40,70,70,2,False
228,Houndour,Dark,Fire,228.png,330,45,60,30,80,50,65,2,False
229,Houndoom,Dark,Fire,229.png,500,75,90,50,110,80,95,2,False
229,HoundoomMega Houndoom,Dark,Fire,229-mega.png,600,75,90,90,140,90,115,2,False
230,Kingdra,Water,Dragon,230.png,540,75,95,95,95,95,85,2,False
231,Phanpy,Ground,,231.png,330,90,60,60,40,40,40,2,False
232,Donphan,Ground,,232.png,500,90,120,120,60,60,50,2,False
233,Porygon2,Normal,,233.png,515,85,80,90,105,95,60,2,False
234,Stantler,Normal,,234.png,465,73,95,62,85,65,85,2,False
235,Smeargle,Normal,,235.png,250,55,20,35,20,45,75,2,False
236,Tyrogue,Fighting,,236.png,210,35,35,35,35,35,35,2,False
237,Hitmontop,Fighting,,237.png,455,50,95,95,35,110,70,2,False
238,Smoochum,Ice,Psychic,238.png,305,45,30,15,85,65,65,2,False
239,Elekid,Electric,,239.png,360,45,63,37,65,55,95,2,False
240,Magby,Fire,,240.png,365,45,75,37,70,55,83,2,False
241,Miltank,Normal,,241.png,490,95,80,105,40,70,100,2,False
242,Blissey,Normal,,242.png,540,255,10,10,75,135,55,2,False
243,Raikou,Electric,,243.png,580,90,85,75,115,100,115,2,True
244,Entei,Fire,,244.png,580,115,115,85,90,75,100,2,True
245,Suicune,Water,,245.png,580,100,75,115,90,115,85,2,True
246,Larvitar,Rock,Ground,246.png,300,50,64,50,45,50,41,2,False
247,Pupitar,Rock,Ground,247.png,410,70,84,70,65,70,51,2,False
248,Tyranitar,Rock,Dark,248.png,600,100,134,110,95,100,61,2,False
248,TyranitarMega Tyranitar,Rock,Dark,248-mega.png,700,100,164,150,95,120,71,2,False
249,Lugia,Psychic,Flying,249.png,680,106,90,130,90,154,110,2,True
250,Ho-oh,Fire,Flying,250.png,680,106,130,90,110,154,90,2,True
251,Celebi,Psychic,Grass,251.png,600,100,100,100,100,100,100,2,False
252,Treecko,Grass,,252.png,310,40,45,35,65,55,70,3,False
253,Grovyle,Grass,,253.png,405,50,65,45,85,65,95,3,False
254,Sceptile,Grass,,254.png,530,70,85,65,105,85,120,3,False
254,SceptileMega Sceptile,Grass,Dragon,254-mega.png,630,70,110,75,145,85,145,3,False
255,Torchic,Fire,,255.png,310,45,60,40,70,50,45,3,False
256,Combusken,Fire,Fighting,256.png,405,60,85,60,85,60,55,3,False
257,Blaziken,Fire,Fighting,257.png,530,80,120,70,110,70,80,3,False
257,BlazikenMega Blaziken,Fire,Fighting,257-mega.png,630,80,160,80,130,80,100,3,False
258,Mudkip,Water,,258.png,310,50,70,50,50,50,40,3,False
259,Marshtomp,Water,Ground,259.png,405,70,85,70,60,70,50,3,False
260,Swampert,Water,Ground,260.png,535,100,110,90,85,90,60,3,False
260,SwampertMega Swampert,Water,Ground,260-mega.png,635,100,150,110,95,110,70,3,False
261,Poochyena,Dark,,261.png,220,35,55,35,30,30,35,3,False
262,Mightyena,Dark,,262.png,420,70,90,70,60,60,70,3,False
263,Zigzagoon,Normal,,263.png,240,38,30,41,30,41,60,3,False
264,Linoone,Normal,,264.png,420,78,70,61,50,61,100,3,False
265,Wurmple,Bug,,265.png,195,45,45,35,20,30,20,3,False
266,Silcoon,Bug,,266.png,205,50,35,55,25,25,15,3,False
267,Beautifly,Bug,Flying,267.png,395,60,70,50,100,50,65,3,False
268,Cascoon,Bug,,268.png,205,50,35,55,25,25,15,3,False
269,Dustox,Bug,Poison,269.png,385,60,50,70,50,90,65,3,False
270,Lotad,Water,Grass,270.png,220,40,30,30,40,50,30,3,False
271,Lombre,Water,Grass,271.png,340,60,50,50,60,70,50,3,False
272,Ludicolo,Water,Grass,272.png,480,80,70,70,90,100,70,3,False
273,Seedot,Grass,,273.png,220,40,40,50,30,30,30,3,False
274,Nuzleaf,Grass,Dark,274.png,340,70,70,40,60,40,60,3,False
275,Shiftry,Grass,Dark,275.png,480,90,100,60,90,60,80,3,False
276,Taillow,Normal,Flying,276.png,270,40,55,30,30,30,85,3,False
277,Swellow,Normal,Flying,277.png,430,60,85,60,50,50,125,3,False
278,Wingull,Water,Flying,278.png,270,40,30,30,55,30,85,3,False
279,Pelipper,Water,Flying,279.png,430,60,50,100,85,70,65,3,False
280,Ralts,Psychic,Fairy,280.png,198,28,25,25,45,35,40,3,False
281,Kirlia,Psychic,Fairy,281.png,278,38,35,35,65,55,50,3,False
282,Gardevoir,Psychic,Fairy,282.png,518,68,65,65,125,115,80,3,False
282,GardevoirMega Gardevoir,Psychic,Fairy,282-mega.png,618,68,85,65,165,135,100,3,False
283,Surskit,Bug,Water,283.png,269,40,30,32,50,52,65,3,False
284,Masquerain,Bug,Flying,284.png,414,70,60,62,80,82,60,3,False
285,Shroomish,Grass,,285.png,295,60,40,60,40,60,35,3,False
286,Breloom,Grass,Fighting,286.png,460,60,130,80,60,60,70,3,False
287,Slakoth,Normal,,287.png,280,60,60,60,35,35,30,3,False
288,Vigoroth,Normal,,288.png,440,80,80,80,55,55,90,3,False
289,Slaking,Normal,,289.png,670,150,160,100,95,65,100,3,False
290,Nincada,Bug,Ground,290.png,266,31,45,90,30,30,40,3,False
291,Ninjask,Bug,Flying,291.png,456,61,90,45,50,50,160,3,False
292,Shedinja,Bug,Ghost,292.png,236,1,90,45,30,30,40,3,False
293,Whismur,Normal,,293.png,240,64,51,23,51,23,28,3,False
294,Loudred,Normal,,294.png,360,84,71,43,71,43,48,3,False
295,Exploud,Normal,,295.png,490,104,91,63,91,73,68,3,False
296,Makuhita,Fighting,,296.png,237,72,60,30,20,30,25,3,False
297,Hariyama,Fighting,,297.png,474,144,120,60,40,60,50,3,False
298,Azurill,Normal,Fairy,298.png,190,50,20,40,20,40,20,3,False
299,Nosepass,Rock,,299.png,375,30,45,135,45,90,30,3,False
300,Skitty,Normal,,300.png,260,50,45,45,35,35,50,3,False
301,Delcatty,Normal,,301.png,380,70,65,65,55,55,70,3,False
302,Sableye,Dark,Ghost,302.png,380,50,75,75,65,65,50,3,False
302,SableyeMega Sableye,Dark,Ghost,302-mega.png,480,50,85,125,85,115,20,3,False
303,Mawile,Steel,Fairy,303.png,380,50,85,85,55,55,50,3,False
303,MawileMega Mawile,Steel,Fairy,303-mega.png,480,50,105,125,55,95,50,3,False
304,Aron,Steel,Rock,304.png,330,50,70,100,40,40,30,3,False
305,Lairon,Steel,Rock,305.png,430,60,90,140,50,50,40,3,False
306,Aggron,Steel,Rock,306.png,530,70,110,180,60,60,50,3,False
306,AggronMega Aggron,Steel,,306-mega.png,630,70,140,230,60,80,50,3,False
307,Meditite,Fighting,Psychic,307.png,280,30,40,55,40,55,60,3,False
308,Medicham,Fighting,Psychic,308.png,410,60,60,75,60,75,80,3,False
308,MedichamMega Medicham,Fighting,Psychic,308-mega.png,510,60,100,85,80,85,100,3,False
309,Electrike,Electric,,309.png,295,40,45,40,65,40,65,3,False
310,Manectric,Electric,,310.png,475,70,75,60,105,60,105,3,False
310,ManectricMega Manectric,Electric,,310-mega.png,575,70,75,80,135,80,135,3,False
311,Plusle,Electric,,311.png,405,60,50,40,85,75,95,3,False
312,Minun,Electric,,312.png,405,60,40,50,75,85,95,3,False
313,Volbeat,Bug,,313.png,400,65,73,55,47,75,85,3,False
314,Illumise,Bug,,314.png,400,65,47,55,73,75,85,3,False
315,Roselia,Grass,Poison,315.png,400,50,60,45,100,80,65,3,False
316,Gulpin,Poison,,316.png,302,70,43,53,43,53,40,3,False
317,Swalot,Poison,,317.png,467,100,73,83,73,83,55,3,False
318,Carvanha,Water,Dark,318.png,305,45,90,20,65,20,65,3,False
319,Sharpedo,Water,Dark,319.png,460,70,120,40,95,40,95,3,False
319,SharpedoMega Sharpedo,Water,Dark,319-mega.png,560,70,140,70,110,65,105,3,False
320,Wailmer,Water,,320.png,400,130,70,35,70,35,60,3,False
321,Wailord,Water,,321.png,500,170,90,45,90,45,60,3,False
322,Numel,Fire,Ground,322.png,305,60,60,40,65,45,35,3,False
323,Camerupt,Fire,Ground,323.png,460,70,100,70,105,75,40,3,False
323,CameruptMega Camerupt,Fire,Ground,323-mega.png,560,70,120,100,145,105,20,3,False
324,Torkoal,Fire,,324.png,470,70,85,140,85,70,20,3,False
325,Spoink,Psychic,,325.png,330,60,25,35,70,80,60,3,False
326,Grumpig,Psychic,,326.png,470,80,45,65,90,110,80,3,False
327,Spinda,Normal,,327.png,360,60,60,60,60,60,60,3,False
328,Trapinch,Ground,,328.png,290,45,100,45,45,45,10,3,False
329,Vibrava,Ground,Dragon,329.png,340,50,70,50,50,50,70,3,False
330,Flygon,Ground,Dragon,330.png,520,80,100,80,80,80,100,3,False
331,Cacnea,Grass,,331.png,335,50,85,40,85,40,35,3,False
332,Cacturne,Grass,Dark,332.png,475,70,115,60,115,60,55,3,False
333,Swablu,Normal,Flying,333.png,310,45,40,60,40,75,50,3,False
334,Altaria,Dragon,Flying,334.png,490,75,70,90,70,105,80,3,False
334,AltariaMega Altaria,Dragon,Fairy,334-mega.png,590,75,110,110,110,105,80,3,False
335,Zangoose,Normal,,335.png,458,73,115,60,60,60,90,3,False
336,Seviper,Poison,,336.png,458,73,100,60,100,60,65,3,False
337,Lunatone,Rock,Psychic,337.png,440,70,55,65,95,85,70,3,False
338,Solrock,Rock,Psychic,338.png,440,70,95,85,55,65,70,3,False
339,Barboach,Water,Ground,339.png,288,50,48,43,46,41,60,3,False
340,Whiscash,Water,Ground,340.png,468,110,78,73,76,71,60,3,False
341,Corphish,Water,,341.png,308,43,80,65,50,35,35,3,False
342,Crawdaunt,Water,Dark,342.png,468,63,120,85,90,55,55,3,False
343,Baltoy,Ground,Psychic,343.png,300,40,40,55,40,70,55,3,False
344,Claydol,Ground,Psychic,344.png,500,60,70,105,70,120,75,3,False
345,Lileep,Rock,Grass,345.png,355,66,41,77,61,87,23,3,False
346,Cradily,Rock,Grass,346.png,495,86,81,97,81,107,43,3,False
347,Anorith,Rock,Bug,347.png,355,45,95,50,40,50,75,3,False
348,Armaldo,Rock,Bug,348.png,495,75,125,100,70,80,45,3,False
349,Feebas,Water,,349.png,200,20,15,20,10,55,80,3,False
350,Milotic,Water,,350.png,540,95,60,79,100,125,81,3,False
351,Castform,Normal,,351.png,420,70,70,70,70,70,70,3,False
352,Kecleon,Normal,,352.png,440,60,90,70,60,120,40,3,False
353,Shuppet,Ghost,,353.png,295,44,75,35,63,33,45,3,False
354,Banette,Ghost,,354.png,455,64,115,65,83,63,65,3,False
354,BanetteMega Banette,Ghost,,354-mega.png,555,64,165,75,93,83,75,3,False
355,Duskull,Ghost,,355.png,295,20,40,90,30,90,25,3,False
356,Dusclops,Ghost,,356.png,455,40,70,130,60,130,25,3,False
357,Tropius,Grass,Flying,357.png,460,99,68,83,72,87,51,3,False
358,Chimecho,Psychic,,358.png,425,65,50,70,95,80,65,3,False
359,Absol,Dark,,359.png,465,65,130,60,75,60,75,3,False
359,AbsolMega Absol,Dark,,359-mega.png,565,65,150,60,115,60,115,3,False
360,Wynaut,Psychic,,360.png,260,95,23,48,23,48,23,3,False
361,Snorunt,Ice,,361.png,300,50,50,50,50,50,50,3,False
362,Glalie,Ice,,362.png,480,80,80,80,80,80,80,3,False
362,GlalieMega Glalie,Ice,,362-mega.png,580,80,120,80,120,80,100,3,False
363,Spheal,Ice,Water,363.png,290,70,40,50,55,50,25,3,False
364,Sealeo,Ice,Water,364.png,410,90,60,70,75,70,45,3,False
365,Walrein,Ice,Water,365.png,530,110,80,90,95,90,65,3,False
366,Clamperl,Water,,366.png,345,35,64,85,74,55,32,3,False
367,Huntail,Water,,367.png,485,55,104,105,94,75,52,3,False
368,Gorebyss,Water,,368.png,485,55,84,105,114,75,52,3,False
369,Relicanth,Water,Rock,369.png,485,100,90,130,45,65,55,3,False
370,Luvdisc,Water,,370.png,330,43,30,55,40,65,97,3,False
371,Bagon,Dragon,,371.png,300,45,75,60,40,30,50,3,False
372,Shelgon,Dragon,,372.png,420,65,95,100,60,50,50,3,False
373,Salamence,Dragon,Flying,373.png,600,95,135,80,110,80,100,3,False
373,SalamenceMega Salamence,Dragon,Flying,373-mega.png,700,95,145,130,120,90,120,3,False
374,Beldum,Steel,Psychic,374.png,300,40,55,80,35,60,30,3,False
375,Metang,Steel,Psychic,375.png,420,60,75,100,55,80,50,3,False
376,Metagross,Steel,Psychic,376.png,600,80,135,130,95,90,70,3,False
376,MetagrossMega Metagross,Steel,Psychic,376-mega.png,700,80,145,150,105,110,110,3,False
377,Regirock,Rock,,377.png,580,80,100,200,50,100,50,3,True
378,Regice,Ice,,378.png,580,80,50,100,100,200,50,3,True
379,Registeel,Steel,,379.png,580,80,75,150,75,150,50,3,True
380,Latias,Dragon,Psychic,380.png,600,80,80,90,110,130,110,3,True
380,LatiasMega Latias,Dragon,Psychic,380-mega.png,700,80,100,120,140,150,110,3,True
381,Latios,Dragon,Psychic,381.png,600,80,90,80,130,110,110,3,True
381,LatiosMega Latios,Dragon,Psychic,381-mega.png,700,80,130,100,160,120,110,3,True
382,Kyogre,Water,,382.png,670,100,100,90,150,140,90,3,True
382,KyogrePrimal Kyogre,Water,,382-primal.png,770,100,150,90,180,160,90,3,True
383,Groudon,Ground,,383.png,670,100,150,140,100,90,90,3,True
383,GroudonPrimal Groudon,Ground,Fire,383-primal.png,770,100,180,160,150,90,90,3,True
384,Rayquaza,Dragon,Flying,384.png,680,105,150,90,150,90,95,3,True
384,RayquazaMega Rayquaza,Dragon,Flying,384-mega.png,780,105,180,100,180,100,115,3,True
385,Jirachi,Steel,Psychic,385.png,600,100,100,100,100,100,100,3,True
386,DeoxysNormal Forme,Psychic,,386-normal.png,600,50,150,50,150,50,150,3,True
386,DeoxysAttack Forme,Psychic,,386-attack.png,600,50,180,20,180,20,150,3,True
386,DeoxysDefense Forme,Psychic,,386-defense.png,600,50,70,160,70,160,90,3,True
386,DeoxysSpeed Forme,Psychic,,386-speed.png,600,50,95,90,95,90,180,3,True
387,Turtwig,Grass,,387.png,318,55,68,64,45,55,31,4,False
388,Grotle,Grass,,388.png,405,75,89,85,55,65,36,4,False
389,Torterra,Grass,Ground,389.png,525,95,109,105,75,85,56,4,False
390,Chimchar,Fire,,390.png,309,44,58,44,58,44,61,4,False
391,Monferno,Fire,Fighting,391.png,405,64,78,52,78,52,81,4,False
392,Infernape,Fire,Fighting,392.png,534,76,104,71,104,71,108,4,False
393,Piplup,Water,,393.png,314,53,51,53,61,56,40,4,False
394,Prinplup,Water,,394.png,405,64,66,68,81,76,50,4,False
395,Empoleon,Water,Steel,395.png,530,84,86,88,111,101,60,4,False
396,Starly,Normal,Flying,396.png,245,40,55,30,30,30,60,4,False
397,Staravia,Normal,Flying,397.png,340,55,75,50,40,40,80,4,False
398,Staraptor,Normal,Flying,398.png,485,85,120,70,50,60,100,4,False
399,Bidoof,Normal,,399.png,250,59,45,40,35,40,31,4,False
400,Bibarel,Normal,Water,400.png,410,79,85,60,55,60,71,4,False
401,Kricketot,Bug,,401.png,194,37,25,41,25,41,25,4,False
402,Kricketune,Bug,,402.png,384,77,85,51,55,51,65,4,False
403,Shinx,Electric,,403.png,263,45,65,34,40,34,45,4,False
404,Luxio,Electric,,404.png,363,60,85,49,60,49,60,4,False
405,Luxray,Electric,,405.png,523,80,120,79,95,79,70,4,False
406,Budew,Grass,Poison,406.png,280,40,30,35,50,70,55,4,False
407,Roserade,Grass,Poison,407.png,515,60,70,65,125,105,90,4,False
408,Cranidos,Rock,,408.png,350,67,125,40,30,30,58,4,False
409,Rampardos,Rock,,409.png,495,97,165,60,65,50,58,4,False
410,Shieldon,Rock,Steel,410.png,350,30,42,118,42,88,30,4,False
411,Bastiodon,Rock,Steel,411.png,495,60,52,168,47,138,30,4,False
412,Burmy,Bug,,412-plant.png,224,40,29,45,29,45,36,4,False
413,WormadamPlant Cloak,Bug,Grass,413-plant.png,424,60,59,85,79,105,36,4,False
413,WormadamSandy Cloak,Bug,Ground,413-sandy.png,424,60,79,105,59,85,36,4,False
413,WormadamTrash Cloak,Bug,Steel,413-trash.png,424,60,69,95,69,95,36,4,False
414,Mothim,Bug,Flying,414.png,424,70,94,50,94,50,66,4,False
415,Combee,Bug,Flying,415.png,244,30,30,42,30,42,70,4,False
416,Vespiquen,Bug,Flying,416.png,474,70,80,102,80,102,40,4,False
417,Pachirisu,Electric,,417.png,405,60,45,70,45,90,95,4,False
418,Buizel,Water,,418.png,330,55,65,35,60,30,85,4,False
419,Floatzel,Water,,419.png,495,85,105,55,85,50,115,4,False
420,Cherubi,Grass,,420.png,275,45,35,45,62,53,35,4,False
421,Cherrim,Grass,,421.png,450,70,60,70,87,78,85,4,False
422,Shellos,Water,,422.png,325,76,48,48,57,62,34,4,False
423,Gastrodon,Water,Ground,423.png,475,111,83,68,92,82,39,4,False
424,Ambipom,Normal,,424.png,482,75,100,66,60,66,115,4,False
425,Drifloon,Ghost,Flying,425.png,348,90,50,34,60,44,70,4,False
426,Drifblim,Ghost,Flying,426.png,498,150,80,44,90,54,80,4,False
427,Buneary,Normal,,427.png,350,55,66,44,44,56,85,4,False
428,Lopunny,Normal,,428.png,480,65,76,84,54,96,105,4,False
428,LopunnyMega Lopunny,Normal,Fighting,428-mega.png,580,65,136,94,54,96,135,4,False
429,Mismagius,Ghost,,429.png,495,60,60,60,105,105,105,4,False
430,Honchkrow,Dark,Flying,430.png,505,100,125,52,105,52,71,4,False
431,Glameow,Normal,,431.png,310,49,55,42,42,37,85,4,False
432,Purugly,Normal,,432.png,452,71,82,64,64,59,112,4,False
433,Chingling,Psychic,,433.png,285,45,30,50,65,50,45,4,False
434,Stunky,Poison,Dark,434.png,329,63,63,47,41,41,74,4,False
435,Skuntank,Poison,Dark,435.png,479,103,93,67,71,61,84,4,False
436,Bronzor,Steel,Psychic,436.png,300,57,24,86,24,86,23,4,False
437,Bronzong,Steel,Psychic,437.png,500,67,89,116,79,116,33,4,False
438,Bonsly,Rock,,438.png,290,50,80,95,10,45,10,4,False
439,Mime Jr.,Psychic,Fairy,439.png,310,20,25,45,70,90,60,4,False
440,Happiny,Normal,,440.png,220,100,5,5,15,65,30,4,False
441,Chatot,Normal,Flying,441.png,411,76,65,45,92,42,91,4,False
442,Spiritomb,Ghost,Dark,442.png,485,50,92,108,92,108,35,4,False
443,Gible,Dragon,Ground,443.png,300,58,70,45,40,45,42,4,False
444,Gabite,Dragon,Ground,444.png,410,68,90,65,50,55,82,4,False
445,Garchomp,Dragon,Ground,445.png,600,108,130,95,80,85,102,4,False
445,GarchompMega Garchomp,Dragon,Ground,445-mega.png,700,108,170,115,120,95,92,4,False
446,Munchlax,Normal,,446.png,390,135,85,40,40,85,5,4,False
447,Riolu,Fighting,,447.png,285,40,70,40,35,40,60,4,False
448,Lucario,Fighting,Steel,448.png,525,70,110,70,115,70,90,4,False
448,LucarioMega Lucario,Fighting,Steel,448-mega.png,625,70,145,88,140,70,112,4,False
449,Hippopotas,Ground,,449.png,330,68,72,78,38,42,32,4,False
450,Hippowdon,Ground,,450.png,525,108,112,118,68,72,47,4,False
451,Skorupi,Poison,Bug,451.png,330,40,50,90,30,55,65,4,False
452,Drapion,Poison,Dark,452.png,500,70,90,110,60,75,95,4,False
453,Croagunk,Poison,Fighting,453.png,300,48,61,40,61,40,50,4,False
454,Toxicroak,Poison,Fighting,454.png,490,83,106,65,86,65,85,4,False
455,Carnivine,Grass,,455.png,454,74,100,72,90,72,46,4,False
456,Finneon,Water,,456.png,330,49,49,56,49,61,66,4,False
457,Lumineon,Water,,457.png,460,69,69,76,69,86,91,4,False
458,Mantyke,Water,Flying,458.png,345,45,20,50,60,120,50,4,False
459,Snover,Grass,Ice,459.png,334,60,62,50,62,60,40,4,False
460,Abomasnow,Grass,Ice,460.png,494,90,92,75,92,85,60,4,False
460,AbomasnowMega Abomasnow,Grass,Ice,460-mega.png,594,90,132,105,132,105,30,4,False
461,Weavile,Dark,Ice,461.png,510,70,120,65,45,85,125,4,False
462,Magnezone,Electric,Steel,462.png,535,70,70,115,130,90,60,4,False
463,Lickilicky,Normal,,463.png,515,110,85,95,80,95,50,4,False
464,Rhyperior,Ground,Rock,464.png,535,115,140,130,55,55,40,4,False
465,Tangrowth,Grass,,465.png,535,100,100,125,110,50,50,4,False
466,Electivire,Electric,,466.png,540,75,123,67,95,85,95,4,False
467,Magmortar,Fire,,467.png,540,75,95,67,125,95,83,4,False
468,Togekiss,Fairy,Flying,468.png,545,85,50,95,120,115,80,4,False
469,Yanmega,Bug,Flying,469.png,515,86,76,86,116,56,95,4,False
470,Leafeon,Grass,,470.png,525,65,110,130,60,65,95,4,False
471,Glaceon,Ice,,471.png,525,65,60,110,130,95,65,4,False
472,Gliscor,Ground,Flying,472.png,510,75,95,125,45,75,95,4,False
473,Mamoswine,Ice,Ground,473.png,530,110,130,80,70,60,80,4,False
474,Porygon-Z,Normal,,474.png,535,85,80,70,135,75,90,4,False
475,Gallade,Psychic,Fighting,475.png,518,68,125,65,65,115,80,4,False
475,GalladeMega Gallade,Psychic,Fighting,475-mega.png,618,68,165,95,65,115,110,4,False
476,Probopass,Rock,Steel,476.png,525,60,55,145,75,150,40,4,False
477,Dusknoir,Ghost,,477.png,525,45,100,135,65,135,45,4,False
478,Froslass,Ice,Ghost,478.png,480,70,80,70,80,70,110,4,False
479,Rotom,Electric,Ghost,479.png,440,50,50,77,95,77,91,4,False
479,RotomHeat Rotom,Electric,Fire,479-heat.png,520,50,65,107,105,107,86,4,False
479,RotomWash Rotom,Electric,Water,479-wash.png,520,50,65,107,105,107,86,4,False
479,RotomFrost Rotom,Electric,Ice,479-frost.png,520,50,65,107,105,107,86,4,False
479,RotomFan Rotom,Electric,Flying,479-fan.png,520,50,65,107,105,107,86,4,False
479,RotomMow Rotom,Electric,Grass,479-mow.png,520,50,65,107,105,107,86,4,False
480,Uxie,Psychic,,480.png,580,75,75,130,75,130,95,4,True
481,Mesprit,Psychic,,481.png,580,80,105,105,105,105,80,4,True
482,Azelf,Psychic,,482.png,580,75,125,70,125,70,115,4,True
483,Dialga,Steel,Dragon,483.png,680,100,120,120,150,100,90,4,True
484,Palkia,Water,Dragon,484.png,680,90,120,100,150,120,100,4,True
485,Heatran,Fire,Steel,485.png,600,91,90,106,130,106,77,4,True
486,Regigigas,Normal,,486.png,670,110,160,110,80,110,100,4,True
487,GiratinaAltered Forme,Ghost,Dragon,487-altered.png,680,150,100,120,100,120,90,4,True
487,GiratinaOrigin Forme,Ghost,Dragon,487-origin.png,680,150,120,100,120,100,90,4,True
488,Cresselia,Psychic,,488.png,600,120,70,120,75,130,85,4,False
489,Phione,Water,,489.png,480,80,80,80,80,80,80,4,False
490,Manaphy,Water,,490.png,600,100,100,100,100,100,100,4,False
491,Darkrai,Dark,,491.png,600,70,90,90,135,90,125,4,True
492,ShayminLand Forme,Grass,,492-land.png,600,100,100,100,100,100,100,4,True
492,ShayminSky Forme,Grass,Flying,492-sky.png,600,100,103,75,120,75,127,4,True
493,Arceus,Normal,,493.png,720,120,120,120,120,120,120,4,True
494,Victini,Psychic,Fire,494.png,600,100,100,100,100,100,100,5,True
495,Snivy,Grass,,495.png,308,45,45,55,45,55,63,5,False
496,Servine,Grass,,496.png,413,60,60,75,60,75,83,5,False
497,Serperior,Grass,,497.png,528,75,75,95,75,95,113,5,False
498,Tepig,Fire,,498.png,308,65,63,45,45,45,45,5,False
499,Pignite,Fire,Fighting,499.png,418,90,93,55,70,55,55,5,False
500,Emboar,Fire,Fighting,500.png,528,110,123,65,100,65,65,5,False
501,Oshawott,Water,,501.png,308,55,55,45,63,45,45,5,False
502,Dewott,Water,,502.png,413,75,75,60,83,60,60,5,False
503,Samurott,Water,,503.png,528,95,100,85,108,70,70,5,False
504,Patrat,Normal,,504.png,255,45,55,39,35,39,42,5,False
505,Watchog,Normal,,505.png,420,60,85,69,60,69,77,5,False
506,Lillipup,Normal,,506.png,275,45,60,45,25,45,55,5,False
507,Herdier,Normal,,507.png,370,65,80,65,35,65,60,5,False
508,Stoutland,Normal,,508.png,500,85,110,90,45,90,80,5,False
509,Purrloin,Dark,,509.png,281,41,50,37,50,37,66,5,False
510,Liepard,Dark,,510.png,446,64,88,50,88,50,106,5,False
511,Pansage,Grass,,511.png,316,50,53,48,53,48,64,5,False
512,Simisage,Grass,,512.png,498,75,98,63,98,63,101,5,False
513,Pansear,Fire,,513.png,316,50,53,48,53,48,64,5,False
514,Simisear,Fire,,514.png,498,75,98,63,98,63,101,5,False
515,Panpour,Water,,515.png,316,50,53,48,53,48,64,5,False
516,Simipour,Water,,516.png,498,75,98,63,98,63,101,5,False
517,Munna,Psychic,,517.png,292,76,25,45,67,55,24,5,False
518,Musharna,Psychic,,518.png,487,116,55,85,107,95,29,5,False
519,Pidove,Normal,Flying,519.png,264,50,55,50,36,30,43,5,False
520,Tranquill,Normal,Flying,520.png,358,62,77,62,50,42,65,5,False
521,Unfezant,Normal,Flying,521.png,488,80,115,80,65,55,93,5,False
522,Blitzle,Electric,,522.png,295,45,60,32,50,32,76,5,False
523,Zebstrika,Electric,,523.png,497,75,100,63,80,63,116,5,False
524,Roggenrola,Rock,,524.png,280,55,75,85,25,25,15,5,False
525,Boldore,Rock,,525.png,390,70,105,105,50,40,20,5,False
526,Gigalith,Rock,,526.png,515,85,135,130,60,80,25,5,False
527,Woobat,Psychic,Flying,527.png,313,55,45,43,55,43,72,5,False
528,Swoobat,Psychic,Flying,528.png,425,67,57,55,77,55,114,5,False
529,Drilbur,Ground,,529.png,328,60,85,40,30,45,68,5,False
530,Excadrill,Ground,Steel,530.png,508,110,135,60,50,65,88,5,False
531,Audino,Normal,,531.png,445,103,60,86,60,86,50,5,False
531,AudinoMega Audino,Normal,Fairy,531-mega.png,545,103,60,126,80,126,50,5,False
532,Timburr,Fighting,,532.png,305,75,80,55,25,35,35,5,False
533,Gurdurr,Fighting,,533.png,405,85,105,85,40,50,40,5,False
534,Conkeldurr,Fighting,,534.png,505,105,140,95,55,65,45,5,False
535,Tympole,Water,,535.png,294,50,50,40,50,40,64,5,False
536,Palpitoad,Water,Ground,536.png,384,75,65,55,65,55,69,5,False
537,Seismitoad,Water,Ground,537.png,509,105,95,75,85,75,74,5,False
538,Throh,Fighting,,538.png,465,120,100,85,30,85,45,5,False
539,Sawk,Fighting,,539.png,465,75,125,75,30,75,85,5,False
540,Sewaddle,Bug,Grass,540.png,310,45,53,70,40,60,42,5,False
541,Swadloon,Bug,Grass,541.png,380,55,63,90,50,80,42,5,False
542,Leavanny,Bug,Grass,542.png,500,75,103,80,70,80,92,5,False
543,Venipede,Bug,Poison,543.png,260,30,45,59,30,39,57,5,False
544,Whirlipede,Bug,Poison,544.png,360,40,55,99,40,79,47,5,False
545,Scolipede,Bug,Poison,545.png,485,60,100,89,55,69,112,5,False
546,Cottonee,Grass,Fairy,546.png,280,40,27,60,37,50,66,5,False
547,Whimsicott,Grass,Fairy,547.png,480,60,67,85,77,75,116,5,False
548,Petilil,Grass,,548.png,280,45,35,50,70,50,30,5,False
549,Lilligant,Grass,,549.png,480,70,60,75,110,75,90,5,False
550,Basculin,Water,,550-blue-striped.png,460,70,92,65,80,55,98,5,False
551,Sandile,Ground,Dark,551.png,292,50,72,35,35,35,65,5,False
552,Krokorok,Ground,Dark,552.png,351,60,82,45,45,45,74,5,False
553,Krookodile,Ground,Dark,553.png,519,95,117,80,65,70,92,5,False
554,Darumaka,Fire,,554.png,315,70,90,45,15,45,50,5,False
555,DarmanitanStandard Mode,Fire,,555-standard.png,480,105,140,55,30,55,95,5,False
556,Maractus,Grass,,556.png,461,75,86,67,106,67,60,5,False
557,Dwebble,Bug,Rock,557.png,325,50,65,85,35,35,55,5,False
558,Crustle,Bug,Rock,558.png,475,70,95,125,65,75,45,5,False
559,Scraggy,Dark,Fighting,559.png,348,50,75,70,35,70,48,5,False
560,Scrafty,Dark,Fighting,560.png,488,65,90,115,45,115,58,5,False
561,Sigilyph,Psychic,Flying,561.png,490,72,58,80,103,80,97,5,False
562,Yamask,Ghost,,562.png,303,38,30,85,55,65,30,5,False
563,Cofagrigus,Ghost,,563.png,483,58,50,145,95,105,30,5,False
564,Tirtouga,Water,Rock,564.png,355,54,78,103,53,45,22,5,False
565,Carracosta,Water,Rock,565.png,495,74,108,133,83,65,32,5,False
566,Archen,Rock,Flying,566.png,401,55,112,45,74,45,70,5,False
567,Archeops,Rock,Flying,567.png,567,75,140,65,112,65,110,5,False
568,Trubbish,Poison,,568.png,329,50,50,62,40,62,65,5,False
569,Garbodor,Poison,,569.png,474,80,95,82,60,82,75,5,False
570,Zorua,Dark,,570.png,330,40,65,40,80,40,65,5,False
571,Zoroark,Dark,,571.png,510,60,105,60,120,60,105,5,False
572,Minccino,Normal,,572.png,300,55,50,40,40,40,75,5,False
573,Cinccino,Normal,,573.png,470,75,95,60,65,60,115,5,False
574,Gothita,Psychic,,574.png,290,45,30,50,55,65,45,5,False
575,Gothorita,Psychic,,575.png,390,60,45,70,75,85,55,5,False
576,Gothitelle,Psychic,,576.png,490,70,55,95,95,110,65,5,False
577,Solosis,Psychic,,577.png,290,45,30,40,105,50,20,5,False
578,Duosion,Psychic,,578.png,370,65,40,50,125,60,30,5,False
579,Reuniclus,Psychic,,579.png,490,110,65,75,125,85,30,5,False
580,Ducklett,Water,Flying,580.png,305,62,44,50,44,50,55,5,False
581,Swanna,Water,Flying,581.png,473,75,87,63,87,63,98,5,False
582,Vanillite,Ice,,582.png,305,36,50,50,65,60,44,5,False
583,Vanillish,Ice,,583.png,395,51,65,65,80,75,59,5,False
584,Vanilluxe,Ice,,584.png,535,71,95,85,110,95,79,5,False
585,Deerling,Normal,Grass,585-summer.png,335,60,60,50,40,50,75,5,False
586,Sawsbuck,Normal,Grass,586-summer.png,475,80,100,70,60,70,95,5,False
587,Emolga,Electric,Flying,587.png,428,55,75,60,75,60,103,5,False
588,Karrablast,Bug,,588.png,315,50,75,45,40,45,60,5,False
589,Escavalier,Bug,Steel,589.png,495,70,135,105,60,105,20,5,False
590,Foongus,Grass,Poison,590.png,294,69,55,45,55,55,15,5,False
591,Amoonguss,Grass,Poison,591.png,464,114,85,70,85,80,30,5,False
592,Frillish,Water,Ghost,592.png,335,55,40,50,65,85,40,5,False
593,Jellicent,Water,Ghost,593.png,480,100,60,70,85,105,60,5,False
594,Alomomola,Water,,594.png,470,165,75,80,40,45,65,5,False
595,Joltik,Bug,Electric,595.png,319,50,47,50,57,50,65,5,False
596,Galvantula,Bug,Electric,596.png,472,70,77,60,97,60,108,5,False
597,Ferroseed,Grass,Steel,597.png,305,44,50,91,24,86,10,5,False
598,Ferrothorn,Grass,Steel,598.png,489,74,94,131,54,116,20,5,False
599,Klink,Steel,,599.png,300,40,55,70,45,60,30,5,False
600,Klang,Steel,,600.png,440,60,80,95,70,85,50,5,False
601,Klinklang,Steel,,601.png,520,60,100,115,70,85,90,5,False
602,Tynamo,Electric,,602.png,275,35,55,40,45,40,60,5,False
603,Eelektrik,Electric,,603.png,405,65,85,70,75,70,40,5,False
604,Eelektross,Electric,,604.png,515,85,115,80,105,80,50,5,False
605,Elgyem,Psychic,,605.png,335,55,55,55,85,55,30,5,False
606,Beheeyem,Psychic,,606.png,485,75,75,75,125,95,40,5,False
607,Litwick,Ghost,Fire,607.png,275,50,30,55,65,55,20,5,False
608,Lampent,Ghost,Fire,608.png,370,60,40,60,95,60,55,5,False
609,Chandelure,Ghost,Fire,609.png,520,60,55,90,145,90,80,5,False
610,Axew,Dragon,,610.png,320,46,87,60,30,40,57,5,False
611,Fraxure,Dragon,,611.png,410,66,117,70,40,50,67,5,False
612,Haxorus,Dragon,,612.png,540,76,147,90,60,70,97,5,False
613,Cubchoo,Ice,,613.png,305,55,70,40,60,40,40,5,False
614,Beartic,Ice,,614.png,485,95,110,80,70,80,50,5,False
615,Cryogonal,Ice,,615.png,485,70,50,30,95,135,105,5,False
616,Shelmet,Bug,,616.png,305,50,40,85,40,65,25,5,False
617,Accelgor,Bug,,617.png,495,80,70,40,100,60,145,5,False
618,Stunfisk,Ground,Electric,618.png,471,109,66,84,81,99,32,5,False
619,Mienfoo,Fighting,,619.png,350,45,85,50,55,50,65,5,False
620,Mienshao,Fighting,,620.png,510,65,125,60,95,60,105,5,False
621,Druddigon,Dragon,,621.png,485,77,120,90,60,90,48,5,False
622,Golett,Ground,Ghost,622.png,303,59,74,50,35,50,35,5,False
623,Golurk,Ground,Ghost,623.png,483,89,124,80,55,80,55,5,False
624,Pawniard,Dark,Steel,624.png,340,45,85,70,40,40,60,5,False
625,Bisharp,Dark,Steel,625.png,490,65,125,100,60,70,70,5,False
626,Bouffalant,Normal,,626.png,490,95,110,95,40,95,55,5,False
627,Rufflet,Normal,Flying,627.png,350,70,83,50,37,50,60,5,False
628,Braviary,Normal,Flying,628.png,510,100,123,75,57,75,80,5,False
629,Vullaby,Dark,Flying,629.png,370,70,55,75,45,65,60,5,False
630,Mandibuzz,Dark,Flying,630.png,510,110,65,105,55,95,80,5,False
631,Heatmor,Fire,,631.png,484,85,97,66,105,66,65,5,False
632,Durant,Bug,Steel,632.png,484,58,109,112,48,48,109,5,False
633,Deino,Dark,Dragon,633.png,300,52,65,50,45,50,38,5,False
634,Zweilous,Dark,Dragon,634.png,420,72,85,70,65,70,58,5,False
635,Hydreigon,Dark,Dragon,635.png,600,92,105,90,125,90,98,5,False
636,Larvesta,Bug,Fire,636.png,360,55,85,55,50,55,60,5,False
637,Volcarona,Bug,Fire,637.png,550,85,60,65,135,105,100,5,False
638,Cobalion,Steel,Fighting,638.png,580,91,90,129,90,72,108,5,True
639,Terrakion,Rock,Fighting,639.png,580,91,129,90,72,90,108,5,True
640,Virizion,Grass,Fighting,640.png,580,91,90,72,90,129,108,5,True
641,TornadusIncarnate Forme,Flying,,641-incarnate.png,580,79,115,70,125,80,111,5,True
641,TornadusTherian Forme,Flying,,641-therian.png,580,79,100,80,110,90,121,5,True
642,ThundurusIncarnate Forme,Electric,Flying,642-incarnate.png,580,79,115,70,125,80,111,5,True
642,ThundurusTherian Forme,Electric,Flying,642-therian.png,580,79,105,70,145,80,101,5,True
643,Reshiram,Dragon,Fire,643.png,680,100,120,100,150,120,90,5,True
644,Zekrom,Dragon,Electric,644.png,680,100,150,120,120,100,90,5,True
645,LandorusIncarnate Forme,Ground,Flying,645-incarnate.png,600,89,125,90,115,80,101,5,True
645,LandorusTherian Forme,Ground,Flying,645-therian.png,600,89,145,90,105,80,91,5,True
646,Kyurem,Dragon,Ice,646.png,660,125,130,90,130,90,95,5,True
646,KyuremBlack Kyurem,Dragon,Ice,646-black.png,700,125,170,100,120,90,95,5,True
646,KyuremWhite Kyurem,Dragon,Ice,646-white.png,700,125,120,90,170,100,95,5,True
647,KeldeoOrdinary Forme,Water,Fighting,647-ordinary.png,580,91,72,90,129,90,108,5,False
647,KeldeoResolute Forme,Water,Fighting,647-resolute.png,580,91,72,90,129,90,108,5,False
648,MeloettaAria Forme,Normal,Psychic,648.png,600,100,77,77,128,128,90,5,False
648,MeloettaPirouette Forme,Normal,Fighting,648-pirouette.png,600,100,128,90,77,77,128,5,False
649,Genesect,Bug,Steel,649.png,600,71,120,95,120,95,99,5,False
650,Chespin,Grass,,650.png,313,56,61,65,48,45,38,6,False
651,Quilladin,Grass,,651.png,405,61,78,95,56,58,57,6,False
652,Chesnaught,Grass,Fighting,652.png,530,88,107,122,74,75,64,6,False
653,Fennekin,Fire,,653.png,307,40,45,40,62,60,60,6,False
654,Braixen,Fire,,654.png,409,59,59,58,90,70,73,6,False
655,Delphox,Fire,Psychic,655.png,534,75,69,72,114,100,104,6,False
656,Froakie,Water,,656.png,314,41,56,40,62,44,71,6,False
657,Frogadier,Water,,657.png,405,54,63,52,83,56,97,6,False
658,Greninja,Water,Dark,658.png,530,72,95,67,103,71,122,6,False
659,Bunnelby,Normal,,659.png,237,38,36,38,32,36,57,6,False
660,Diggersby,Normal,Ground,660.png,423,85,56,77,50,77,78,6,False
661,Fletchling,Normal,Flying,661.png,278,45,50,43,40,38,62,6,False
662,Fletchinder,Fire,Flying,662.png,382,62,73,55,56,52,84,6,False
663,Talonflame,Fire,Flying,663.png,499,78,81,71,74,69,126,6,False
664,Scatterbug,Bug,,664.png,200,38,35,40,27,25,35,6,False
665,Spewpa,Bug,,665.png,213,45,22,60,27,30,29,6,False
666,Vivillon,Bug,Flying,666.png,411,80,52,50,90,50,89,6,False
667,Litleo,Fire,Normal,667.png,369,62,50,58,73,54,72,6,False
668,Pyroar,Fire,Normal,668.png,507,86,68,72,109,66,106,6,False
669,Flabébé,Fairy,,669.png,303,44,38,39,61,79,42,6,False
670,Floette,Fairy,,670.png,371,54,45,47,75,98,52,6,False
671,Florges,Fairy,,671.png,552,78,65,68,112,154,75,6,False
672,Skiddo,Grass,,672.png,350,66,65,48,62,57,52,6,False
673,Gogoat,Grass,,673.png,531,123,100,62,97,81,68,6,False
674,Pancham,Fighting,,674.png,348,67,82,62,46,48,43,6,False
675,Pangoro,Fighting,Dark,675.png,495,95,124,78,69,71,58,6,False
676,Furfrou,Normal,,676.png,472,75,80,60,65,90,102,6,False
677,Espurr,Psychic,,677.png,355,62,48,54,63,60,68,6,False
678,MeowsticMale,Psychic,,678.png,466,74,48,76,83,81,104,6,False
678,MeowsticFemale,Psychic,,678f.png,466,74,48,76,83,81,104,6,False
679,Honedge,Steel,Ghost,679.png,325,45,80,100,35,37,28,6,False
680,Doublade,Steel,Ghost,680.png,448,59,110,150,45,49,35,6,False
681,AegislashBlade Forme,Steel,Ghost,681-blade.png,520,60,150,50,150,50,60,6,False
681,AegislashShield Forme,Steel,Ghost,681-shield.png,520,60,50,150,50,150,60,6,False
682,Spritzee,Fairy,,682.png,341,78,52,60,63,65,23,6,False
683,Aromatisse,Fairy,,683.png,462,101,72,72,99,89,29,6,False
684,Swirlix,Fairy,,684.png,341,62,48,66,59,57,49,6,False
685,Slurpuff,Fairy,,685.png,480,82,80,86,85,75,72,6,False
686,Inkay,Dark,Psychic,686.png,288,53,54,53,37,46,45,6,False
687,Malamar,Dark,Psychic,687.png,482,86,92,88,68,75,73,6,False
688,Binacle,Rock,Water,688.png,306,42,52,67,39,56,50,6,False
689,Barbaracle,Rock,Water,689.png,500,72,105,115,54,86,68,6,False
690,Skrelp,Poison,Water,690.png,320,50,60,60,60,60,30,6,False
691,Dragalge,Poison,Dragon,691.png,494,65,75,90,97,123,44,6,False
692,Clauncher,Water,,692.png,330,50,53,62,58,63,44,6,False
693,Clawitzer,Water,,693.png,500,71,73,88,120,89,59,6,False
694,Helioptile,Electric,Normal,694.png,289,44,38,33,61,43,70,6,False
695,Heliolisk,Electric,Normal,695.png,481,62,55,52,109,94,109,6,False
696,Tyrunt,Rock,Dragon,696.png,362,58,89,77,45,45,48,6,False
697,Tyrantrum,Rock,Dragon,697.png,521,82,121,119,69,59,71,6,False
698,Amaura,Rock,Ice,698.png,362,77,59,50,67,63,46,6,False
699,Aurorus,Rock,Ice,699.png,521,123,77,72,99,92,58,6,False
700,Sylveon,Fairy,,700.png,525,95,65,65,110,130,60,6,False
701,Hawlucha,Fighting,Flying,701.png,500,78,92,75,74,63,118,6,False
702,Dedenne,Electric,Fairy,702.png,431,67,58,57,81,67,101,6,False
703,Carbink,Rock,Fairy,703.png,500,50,50,150,50,150,50,6,False
704,Goomy,Dragon,,704.png,300,45,50,35,55,75,40,6,False
705,Sliggoo,Dragon,,705.png,452,68,75,53,83,113,60,6,False
706,Goodra,Dragon,,706.png,600,90,100,70,110,150,80,6,False
707,Klefki,Steel,Fairy,707.png,470,57,80,91,80,87,75,6,False
708,Phantump,Ghost,Grass,708.png,309,43,70,48,50,60,38,6,False
709,Trevenant,Ghost,Grass,709.png,474,85,110,76,65,82,56,6,False
710,PumpkabooAverage Size,Ghost,Grass,710.png,335,49,66,70,44,55,51,6,False
711,GourgeistAverage Size,Ghost,Grass,711.png,494,65,90,122,58,75,84,6,False
712,Bergmite,Ice,,712.png,304,55,69,85,32,35,28,6,False
713,Avalugg,Ice,,713.png,514,95,117,184,44,46,28,6,False
714,Noibat,Flying,Dragon,714.png,245,40,30,35,45,40,55,6,False
715,Noivern,Flying,Dragon,715.png,535,85,70,80,97,80,123,6,False
716,Xerneas,Fairy,,716.png,680,126,131,95,131,98,99,6,True
717,Yveltal,Dark,Flying,717.png,680,126,131,95,131,98,99,6,True
718,Zygarde50% Forme,Dragon,Ground,718.png,600,108,100,121,81,95,95,6,True
719,Diancie,Rock,Fairy,719.png,600,50,100,150,100,150,50,6,True
719,DiancieMega Diancie,Rock,Fairy,719-mega.png,700,50,160,110,160,110,110,6,True
720,HoopaHoopa Confined,Psychic,Ghost,720.png,600,80,110,60,150,130,70,6,True
720,HoopaHoopa Unbound,Psychic,Dark,720-unbound.png,680,80,160,60,170,130,80,6,True
721,Volcanion,Fire,Water,721.png,600,80,110,120,130,90,70,6,True
